term,document_frequency,mean_tfidf
aa,2,0.0004217212392761673
aba,3,0.0007922537398182652
abandoned,4,0.0009598301296055186
abc,2,0.0005317484997964411
abe,2,0.00047667188558205616
ablaze,9,0.002828239264644948
absolutely,5,0.0015803534371259587
abstorm,3,0.0007600040351918047
abuse,2,0.0004991254433629846
access,2,0.0005564626176227949
accident,25,0.005778959994036389
accidentally,3,0.0008637117978637841
acid,2,0.0005420448539022566
across,7,0.001713101067013361
act,2,0.0006374187466493531
action,4,0.0010688942119106977
activates,2,0.00047597445857763745
activity,2,0.0005165258215991789
actually,9,0.002456202078383351
added,3,0.0008267689257930005
adult,2,0.0006053444120393706
advance,2,0.0005306048866819588
af,3,0.0008969756197229056
affected,4,0.0009702899767967363
afghanistan,5,0.00125774195356125
africa,3,0.0007871041779219117
aftershock,5,0.0021231919930872786
age,3,0.0007062691346049955
ago,2,0.0004811380734759468
agree,2,0.000514693213727719
agreed,2,0.0005458321730015906
agrees,2,0.0005568788847642751
ahead,4,0.0011693748940987008
ai,4,0.0011499080653986976
air,9,0.002035644286990708
aircraft,2,0.0005389936890880866
airline,3,0.0007907820636389746
airplane,12,0.003108852464446255
airport,4,0.0012304961822895534
alarm,4,0.0009301746400614822
alert,2,0.0005849565427123151
alive,3,0.0010326965214994912
allows,3,0.000782601739534666
almost,4,0.0010654842642374596
alone,5,0.0011863705233829045
alpha,2,0.0006334259482988384
already,8,0.002007270329854917
also,7,0.002051682964889793
always,11,0.0028647405378640326
amazing,3,0.0007921412846949433
amazon,3,0.001102693926789717
ambulance,9,0.002262674778654813
america,4,0.0011119422745925413
american,10,0.002349109389233615
amid,6,0.0014314178315265446
ancient,3,0.0010122255939568779
angel,4,0.0012087488415692643
angry,3,0.0008653951680245764
animal,5,0.0013554846930493355
annihilated,6,0.001996181023423691
annihilation,8,0.0016613489473156638
anniversary,11,0.002542477019738732
annual,2,0.0004530231055086105
another,13,0.0027363328851266514
answer,2,0.0006826614925108257
anthrax,2,0.0004164830384648633
antioch,2,0.00048017026703905496
anybody,3,0.0008427900867205974
anyone,2,0.0004986792674445222
anything,9,0.002422421053233355
anyways,2,0.0005359266205364502
aoms,2,0.0004077481065496047
ap,3,0.0006033546639087115
apartment,4,0.000955008686857011
apc,3,0.0009247688266140166
apocalypse,6,0.0016788952583665425
apocalyptic,2,0.00046659614555166426
apollo,5,0.0019725504475540966
app,2,0.0004949149295953986
apparently,3,0.0008463720780228153
appears,3,0.0006380780985851979
apple,2,0.0008076121475339711
approach,3,0.0007568030982923207
aquarium,2,0.0003809894209506635
area,9,0.002187147536291588
arm,3,0.0007411240602787741
armageddon,9,0.0030058712169947323
army,10,0.0024184007492735423
around,9,0.002004297383045047
arrested,5,0.001333863671608215
arrive,4,0.0010554936286831873
arson,6,0.0019166311568979283
arsonist,4,0.0012584996100059819
article,2,0.0005723896041597996
artist,2,0.0005250987860505444
as,11,0.0028676511349208624
ash,2,0.000529876481178365
ask,2,0.00046796712250929255
asking,3,0.0006665694452021052
asshole,4,0.0013078841250930662
associated,2,0.00048102816461804873
atomic,13,0.0026334446592757594
attack,19,0.004149359821497198
attacked,5,0.0010131488996021783
auction,3,0.0007789876089151137
aug,7,0.0015161143512653391
august,6,0.0016666534660326091
aussie,2,0.0006425697805555365
australia,4,0.001230167748749112
auth,3,0.0007426338927447915
avalanche,7,0.0016972841329237908
aviation,2,0.0005527409354207009
avoid,5,0.0011242408064981245
away,6,0.0013153447903360264
awesome,2,0.0008385532668858831
awful,5,0.0013768364717812618
babe,2,0.0005964390785822872
baby,6,0.0019118574161914258
back,22,0.004605878724893169
bad,9,0.002451987183941049
badge,2,0.0005814046050733368
bag,15,0.0032822412099198523
bagging,4,0.0013137482583106702
ball,7,0.002164755351940617
band,2,0.0005354542755140082
bang,9,0.002088997250247478
banned,2,0.0004494767572728537
banquet,2,0.0004262517932714709
bar,4,0.0008666683541691977
bass,2,0.0006385235687106206
bath,3,0.0008073786192369849
bathroom,5,0.0013165086240203554
battery,2,0.000460052297660124
battle,5,0.0014360602736882943
bayelsa,2,0.0006486301002514676
bbc,2,0.0005105532155254196
bc,2,0.0005625386628893576
beach,2,0.0005601740258105138
bear,2,0.0005482542056406943
beat,4,0.0011063149168559338
beating,2,0.00052265237797765
beautiful,4,0.0011398335517541582
beauty,2,0.0006160513243477132
become,3,0.0007418207896155433
beer,2,0.0005655777383589519
began,2,0.0005663848214690846
begin,3,0.0006999478244028373
behind,2,0.00048443192840318583
belief,3,0.0008519519608990015
believe,9,0.0022114413879314914
bell,3,0.0009712960192944819
belly,2,0.0006529974926013675
ben,3,0.0008435915635934513
benefit,2,0.0006061606920038857
best,20,0.004863607071456522
better,2,0.0005727727612158445
beyhive,3,0.0009581608505283966
beyonce,2,0.0006360782251191503
big,6,0.0015486643908666326
bigamist,2,0.0004382118920623476
bigger,2,0.0005187946127037633
biggest,5,0.001484388354116807
bill,2,0.000535031578598068
bin,3,0.0006491823726457199
bioterror,3,0.0006706832531534229
bioterrorism,3,0.0009557880288421016
bit,4,0.0012578413773754085
bitch,2,0.0006305524611770472
bite,2,0.0006011081807062509
black,12,0.002433819641989817
blast,7,0.001546631294918982
blaze,7,0.0021559103784844647
blazing,6,0.0020318630478766823
bleeding,4,0.0012523515091207229
blew,7,0.002355583644200825
blight,6,0.001630360600990962
blizzard,4,0.0013678993403377126
blk,3,0.0006685900602492354
blocked,2,0.00044929063177523193
blog,2,0.0005026377618202999
blood,8,0.002332294319150544
bloody,8,0.0023495960247362484
blown,9,0.0020760419204201535
bluedio,2,0.0004316469842445886
bluejays,2,0.0006767294892435851
bluetooth,2,0.0004316469842445886
blunt,2,0.0007728356331925055
board,2,0.0006036874927062826
boat,8,0.0016341198936207914
body,23,0.004872589624828805
bomb,24,0.006032336222255867
bombed,7,0.0019284044047166047
bomber,4,0.0009006526678178109
bombing,16,0.004096165739765071
book,4,0.0011522754974216212
bookboost,2,0.0004077481065496047
bored,3,0.0010531838287018208
bought,2,0.0006761443223133781
bounce,2,0.000545412706823107
bound,3,0.0009761156422316759
box,5,0.0011317036553814127
boy,8,0.001954363378209109
break,6,0.0015060919581995466
breaking,7,0.001567521884352065
brewing,2,0.0006748099105309256
brian,3,0.0007710673015425675
bride,2,0.0004754540697447569
bridge,7,0.0020463361899765125
bring,3,0.000804438015595503
brings,2,0.0005580336118576164
briton,2,0.0006517768862688715
bro,3,0.0009665974221785346
broke,2,0.0005116513582635856
broken,2,0.0005989442057894012
brooklyn,3,0.0009286045492627663
brother,3,0.0007736870494103956
brought,2,0.000630501969939815
brown,6,0.0021241715022222328
bruh,3,0.001073606382314841
buck,2,0.0005351956449839946
buddy,2,0.0007286086819415362
budget,6,0.0014733610500541276
build,4,0.0010385950025624299
building,16,0.0037626775428543095
burn,2,0.0006925522592342705
burned,5,0.0014584360465888639
burning,15,0.0039602431166162275
burnt,2,0.0005386524208930399
bus,11,0.002651652040773427
bush,7,0.0019970164335195847
business,7,0.0019892097122473098
butterfly,2,0.0005596253189148995
buy,4,0.001126472421884119
ca,11,0.002903241520537414
cake,2,0.0005536381832357319
calgary,7,0.0017294078336187622
california,20,0.004394348341606684
call,10,0.0024977152460644966
called,8,0.001668162694849844
calumet,2,0.0004937912746015046
came,11,0.0025685118237223563
cameroon,5,0.001414285131718717
camp,4,0.0012061105546534456
canada,3,0.0010418939896590777
cancer,3,0.0009084287666559535
candy,4,0.0013634931892576778
cant,4,0.001159857964575373
cape,2,0.0007692751194157733
capture,6,0.0013501053968501537
car,12,0.002786554338101736
care,3,0.0008649086717244409
case,4,0.0008751820002226873
casualty,14,0.003299109544633275
cat,2,0.0005781607923360959
catastrophe,12,0.0034114354039663894
catastrophic,4,0.001143536110965433
caught,2,0.0006458434082810751
cause,6,0.001618603757315235
caused,4,0.0010387031997290777
causing,2,0.000526617546109455
cave,3,0.0006996878090643989
center,5,0.0013486064322739627
central,3,0.0007198397067422434
centre,6,0.0012809487028927736
chain,2,0.0004534637125842094
chance,3,0.0009602784660501834
change,9,0.0020852104520048195
changing,2,0.0007497452914992551
charge,2,0.000567268495557089
charged,5,0.0011725468846623985
charging,2,0.0007180880936732068
charles,2,0.0006156269060868458
check,5,0.0012660613726448045
checked,2,0.0006747058321206711
cheese,3,0.0007087793755032627
chemical,5,0.0014653071311080388
chicago,4,0.0011002660823255335
child,13,0.0028219628484775112
chile,2,0.0004567998743137975
chill,3,0.0007530117614208756
china,10,0.0027152271612680295
choice,2,0.0008705037545925715
choking,2,0.0005227263235611986
christian,5,0.001175856124393667
church,3,0.0008073919736268933
circle,2,0.0005630605008187921
city,12,0.002686658290753447
civilian,5,0.0012868611177419506
clash,2,0.00045822052349297365
class,3,0.0008835509366114866
clear,3,0.0007683373502317282
clearly,2,0.0005626931657404821
cliff,5,0.001384679513481992
climate,5,0.0012326087620175986
climb,3,0.0007035359363914928
close,2,0.0006899424731507669
closed,5,0.0011372507098557324
closing,2,0.0005252558991866215
cloud,2,0.0005892466496502621
cnn,3,0.0009709671171362618
coach,6,0.00116478477829437
coast,2,0.000469827164662954
code,2,0.0005205928015481972
collapse,13,0.0033623230375931967
collapsed,7,0.0021662375180959213
collection,2,0.0006711874716742314
collide,5,0.0014290649698888921
collided,7,0.0019737869413813543
collision,7,0.0020868945531232895
colorado,4,0.0010178465402796526
combat,2,0.0004422663800549189
combo,3,0.0009777756760952856
come,11,0.0029814184784034675
coming,12,0.0025814428685725734
command,2,0.0005187778647556629
comment,5,0.0013953708339760674
common,4,0.0009233727026136301
community,2,0.0005041853546738304
commuter,2,0.000538962428110026
completely,4,0.0013225839306507164
computer,8,0.0017689557908642313
concert,2,0.0006845945887153452
condition,3,0.0007988291657977519
conference,3,0.0006358098324390896
confirmed,8,0.0019976437188356107
confirms,3,0.0008694281438417071
conflict,2,0.0006278111247612567
conquest,2,0.0005509959033493427
conservative,2,0.0005783906216576013
constantly,2,0.0006582968788753422
consumes,2,0.00045822052349297365
content,6,0.0013948023854253601
context,2,0.0005832991836891352
continued,3,0.0008379613231642802
control,4,0.0013564284834473356
cook,3,0.0008874880322611133
cool,5,0.0014313361652226607
cop,4,0.0010167310691888906
copycat,2,0.00048017026703905496
cost,4,0.0010175931071081691
costlier,2,0.0005187946127037633
could,17,0.004606525671377157
count,2,0.0005887024907085343
country,5,0.0010950372513087033
county,9,0.0021678522375996197
couple,5,0.001423391681883649
courage,2,0.0005680617107309031
course,3,0.0013065182225268411
court,3,0.000690515844771348
cover,2,0.0005692798006703898
cow,2,0.000722593377975944
crack,2,0.0005163897575523203
crane,2,0.0007329521582473764
crash,25,0.005535265188672304
crashed,7,0.0018001479502049202
crater,2,0.0003770305434224719
crazy,8,0.002029945466138373
create,2,0.0004616739558495792
cree,4,0.0008675698372836512
crematorium,3,0.0006931894326398869
crew,3,0.0007376497795733273
cricket,2,0.0005333552255903026
criminal,3,0.0007215664572874117
crisis,3,0.0006931894326398869
cross,9,0.0019328417610983285
crowd,2,0.00043481931213684396
crush,8,0.002319545009054289
crushed,7,0.002274388546348194
cruz,2,0.0005746880200278179
cup,3,0.0010683126406484133
cupcake,2,0.000517243290912905
curfew,9,0.002768485570022058
currently,4,0.0011163105455124689
cut,4,0.0011609217220103485
cyclone,8,0.002126120030113393
dad,5,0.001582154794226077
daily,4,0.0011623526570214745
damage,15,0.003927566769267177
damn,4,0.0011524942408693978
danger,4,0.001124167662343683
dangerous,2,0.0005204647390770895
darude,2,0.0008528503853990873
data,9,0.0018321892648837873
david,4,0.0009555532004941734
day,17,0.004266462287075572
dc,3,0.0009939475739021593
de,2,0.0006813218858198524
dead,24,0.004937678218076233
deal,6,0.001691192969382665
death,20,0.0057248770663188295
debris,10,0.002328553448757947
decide,2,0.0005153807115132717
decision,2,0.0005366784658116145
declaration,4,0.0008221238297388452
declares,7,0.001541207664934597
declined,2,0.0005960103969033768
decor,2,0.0003809894209506635
defend,3,0.0009133974456326311
defense,2,0.0004768501958937895
delayed,2,0.0004621358408906116
delivers,3,0.0007922537398182652
deluge,3,0.0010565305723201092
deluged,5,0.0013760034566580933
demi,2,0.0006295065058492454
demolish,10,0.0026250962713824638
demolished,8,0.0026227853139585908
demolition,9,0.0026221610352922878
denmark,2,0.00036768142785702067
department,4,0.0009307360123361384
derail,3,0.0006988546165596449
derailed,5,0.0011928196568096858
derailment,5,0.0012723992490228779
derby,2,0.0007045164728939807
desert,2,0.0005753336718808478
deserve,2,0.0006844962722184365
design,3,0.0007884168572843933
desk,2,0.0005463148928722605
desolate,6,0.001915293828671674
desolation,5,0.0015690434479168481
destroy,13,0.0038582738937983107
destroyed,7,0.0014728187407283804
destroyer,2,0.0003809894209506635
destroys,2,0.0006065145081873786
destruction,5,0.0013674411039846916
detail,4,0.0010874856536307546
detectado,2,0.00043715419022649984
detonate,5,0.001763412036658535
detonated,2,0.000439317622941275
detonation,4,0.0013555507423095915
devastated,5,0.0017760270857845992
devastation,9,0.0020537387371124716
device,3,0.0011103070768928888
diaporama,2,0.0003770305434224719
diarrhea,2,0.0005500550709834241
die,7,0.0016681658968038032
died,7,0.0019187437477387829
dinner,2,0.0004262517932714709
direction,3,0.0008278277762732391
directioners,3,0.00092197569205616
dis,3,0.0010703586914531395
disaster,30,0.007304041044843103
disco,3,0.0008681386476437952
discovered,3,0.0007925356838250088
disease,3,0.0009494802303577589
disgusting,2,0.0005168818310875897
displaced,3,0.0007578215990613562
diving,2,0.0005082128741269831
dk,2,0.00036768142785702067
dog,4,0.0011847119278790455
donate,2,0.0005588571901136215
donation,2,0.0005928455080578937
done,7,0.001750388625956588
door,2,0.0004959526413020753
double,3,0.0008664066905804076
doubt,2,0.0006271434176810566
download,5,0.001567137183434595
downtown,2,0.0006077891963752662
dozen,3,0.0007703924819891917
drake,3,0.0007061849446118436
dramatic,2,0.0005262744801821191
dream,3,0.0008308487663206649
drink,3,0.0010675480638650434
drive,4,0.0009953109734428685
driving,3,0.0007801330286735523
drone,4,0.0014435592418517637
drop,2,0.0005389085877849538
dropped,2,0.0005464089142535123
drought,7,0.0023548984935956724
drown,7,0.0020254137314992815
drowned,5,0.0014286225693299391
drowning,11,0.003412993198639848
drug,3,0.0009591651231982988
drum,2,0.0005549962330258383
drunk,3,0.0010021257222370258
dubstep,2,0.0006060828852562253
dude,3,0.0008601106515741615
due,12,0.002760012242725122
dust,8,0.0020808958701525387
duty,3,0.0008630989469836591
dy,3,0.0009171598440303921
early,4,0.0010412416743223192
earth,4,0.0009553222388846299
earthquake,6,0.001567693015823806
east,8,0.0018459853727035187
eastern,2,0.0005578372084931742
ebay,3,0.0005814511186334399
ebola,2,0.0005828925084894626
edm,2,0.0005898276395452421
effect,5,0.0012612337065856754
effort,2,0.0005433751415824708
ego,2,0.0006159010360433383
egypt,2,0.0006086398401542113
el,3,0.0006623919472830697
electrocute,12,0.0031090432514959566
electrocuted,8,0.002384474023246426
else,5,0.0013352159464650388
em,6,0.0016833227072302961
email,3,0.0008055121033894825
emergency,29,0.0062139018703280605
emmerdale,4,0.0013049891354508399
emotional,3,0.0010542627502360508
end,10,0.002413442817367443
ended,2,0.0005526985840534503
endures,2,0.0004754540697447569
enemy,3,0.0007066709596659903
energy,3,0.0007474439547196442
engulfed,5,0.0015804522507040998
enjoy,3,0.0006952449922853527
enough,3,0.0008609079276935216
entire,3,0.0009337325843020029
enugu,6,0.0015065261347309456
environmental,2,0.0006315447066405277
ep,2,0.0009189407253082512
epicentre,3,0.0008642204346355282
episode,6,0.001866959745704183
equipment,2,0.0005094125925087896
er,2,0.0004604110236057976
esh,2,0.000889580654192528
estate,2,0.00046558671492696174
estimate,3,0.0007385857988794575
europe,2,0.0005253078316646181
evacuate,8,0.002087322084521613
evacuated,5,0.0012307064386827954
evacuation,8,0.0016912736078512768
even,12,0.002851618594743365
event,5,0.0012002188074073565
ever,8,0.0016750117477325735
every,8,0.001972302642674669
everyone,11,0.0025107157988101658
everything,3,0.0007753309332318833
everywhere,2,0.00070905219633931
excellent,2,0.00047215948327624865
exchange,4,0.0009479842326116486
exchanging,5,0.00090108103567088
expected,2,0.00045014776761119306
experienced,2,0.0007705419859565703
experiment,2,0.0005489768648972344
expert,2,0.000728669084341149
explode,5,0.001491438276806015
exploded,6,0.0013645961443324462
exploration,2,0.00044343188548831705
explosion,7,0.0018585480841129122
extra,2,0.000575231860122263
extreme,2,0.0005860018908712028
eye,9,0.0019545128167590808
eyewitness,7,0.001675294520009801
face,10,0.0023400689605805884
facebook,3,0.000766897376542235
faced,2,0.0005215218622229326
fact,4,0.0014336640659804061
factory,2,0.0005617304093177428
failure,6,0.001879615054407449
falcon,2,0.0006177859557433155
fall,6,0.001725596153176181
falling,2,0.0006265372814180209
false,3,0.000736542084781985
family,11,0.0027602189181238756
famine,10,0.0022126443971452405
fan,10,0.0024240189035874926
fantastic,2,0.0006753574328558774
fantasy,2,0.0005818063503932093
far,7,0.0015533601059108525
fashion,4,0.0011102511169545019
fast,5,0.0011204558560903143
fatal,6,0.0015713082981379644
fatality,15,0.004155672797291041
father,3,0.0007757384118075852
faux,2,0.00040489051641030805
fav,3,0.001220275070503854
favorite,7,0.0017585965761074181
fd,2,0.0004657303936195675
fear,11,0.0035757352506727577
feared,2,0.0005294308611712409
feat,2,0.0006979945563431505
fedex,2,0.0006074613479163205
feed,2,0.0004262517932714709
feel,19,0.005022562471038997
feeling,2,0.0005276704727678957
felt,2,0.0005425430142650633
female,2,0.0005891060995407253
ferguson,3,0.0007660903069482497
field,2,0.0005246831016202927
fifth,3,0.0007978388559024942
fight,6,0.0016009165556294023
fighting,6,0.0015543623147754987
filled,2,0.0004968963813801641
film,4,0.0011978495149843088
final,3,0.0009409236558517506
finally,3,0.0008667491532907681
financial,3,0.00080123583512949
find,2,0.0005815355441956036
fine,2,0.0005800463146174246
finger,4,0.001174488618674972
finnish,2,0.0006291336671222398
fire,70,0.014050951070140831
firefighter,8,0.0021619861671103835
firefighting,2,0.00045822052349297365
fireman,2,0.0004885202173425931
first,24,0.0045852528120785725
fish,4,0.0009621288141450849
fit,3,0.000785000965444682
fixing,2,0.0005290882415494287
flag,4,0.0008210972115568236
flame,5,0.0013802907194727513
flash,5,0.0011861243599384994
flattened,9,0.0027029618079049086
fleet,2,0.0005174631778288247
flight,10,0.0023293540689905386
flood,24,0.005198752472641072
flooding,9,0.002215144843745017
florence,2,0.0005111910351937802
florida,3,0.0007674115916257254
flower,2,0.0005068950421093586
fog,2,0.0006144977047449449
follow,4,0.0012867841311326217
following,3,0.0006795528186877395
food,7,0.0017289575174713957
foot,2,0.0005475339221439436
football,2,0.0005093617346260465
forbes,2,0.0004483484027775907
force,2,0.0005478985153969921
forced,2,0.0005618663474448711
forecast,2,0.0005780652322917169
forest,24,0.005406260385080138
former,4,0.0011690312358697294
fortune,2,0.000750707874373085
foster,2,0.0006292313848711777
found,8,0.0020583672831044485
four,3,0.0011147883906412973
france,2,0.0004889873677351544
franklin,2,0.000661812507994196
freak,3,0.0008770603305454068
free,7,0.001822998393660457
freedom,6,0.0014634085738230676
friend,6,0.0017543117072552177
front,4,0.0009317227766909037
fruit,4,0.001257249004935012
fuck,10,0.0030645919192785684
fucking,6,0.0018387331780398608
fukushima,3,0.0009293084484716328
full,16,0.0027765985800190574
fun,5,0.001535545935208635
funny,2,0.0006251775669251177
funtenna,6,0.0012216751611354509
fury,2,0.00045295685910869723
gabon,2,0.00044343188548831705
gaelite,2,0.0003791210432689973
game,12,0.0030013983374756097
gameplay,2,0.0005461585188787457
garden,3,0.0006314098017942277
gas,3,0.0007548436185011322
gate,2,0.0004860839625992504
gave,5,0.0012775877004513232
gaza,2,0.0007354436448726699
gbbo,3,0.0009761687842195562
gear,3,0.0006308379200512149
geller,2,0.0004315334418698576
gem,8,0.002003250623317089
general,2,0.000540384252600898
germ,2,0.0004164830384648633
get,46,0.009027998132755826
getting,12,0.002725844342680938
ghost,2,0.000605551743852399
girl,8,0.00177577623433958
give,7,0.0017312990240980414
given,2,0.0005238697051892014
giving,3,0.0009382026257074942
glad,3,0.0008419616101069974
glass,2,0.0005700613548866098
global,3,0.000851172381594659
go,27,0.005895945617461393
god,12,0.0029569450004781317
godslove,2,0.00046659614555166426
going,22,0.005055126441799828
gold,4,0.0010102968581791486
golf,2,0.0006812335252919416
gon,7,0.0018244256745929307
gone,2,0.0007501366325447296
good,9,0.002400063345771244
got,18,0.004424687751988115
government,7,0.0017883996656378445
governor,3,0.000782601739534666
govt,6,0.0016319932755200555
great,11,0.002928666714565304
greatest,2,0.0006093977863994642
green,4,0.0010332086416174288
greg,3,0.0006620415744197598
grief,2,0.0006303376210700598
groom,2,0.0004754540697447569
ground,4,0.0011446903392725452
group,7,0.0019056948411967428
grove,2,0.000584513418659579
grow,2,0.0005645254678263291
grows,2,0.00048102816461804873
guam,2,0.0005551571391255367
guess,3,0.0008167213085657939
guide,4,0.0012569498721937149
gum,2,0.0006636594702403046
gun,4,0.001434327926023294
gunfire,3,0.0006403615582216897
gunman,3,0.0008466522988857864
guy,8,0.0018868581732937174
ha,2,0.0006649965596512216
haha,6,0.001655423987733919
hail,2,0.0007815467212424637
hailstorm,5,0.0015521699459522306
hair,3,0.0008980960618847728
half,5,0.0011916117125535784
hand,3,0.00092273682906704
handbag,4,0.0008819530624366288
happen,4,0.0009130230443069142
happened,6,0.0017627779818686798
happens,2,0.0005259221390861745
happily,2,0.0008150064166058608
happy,2,0.0005693167349395168
hard,3,0.0010300014211586856
harm,4,0.0011515907360445524
hat,7,0.001437816454777946
hate,4,0.0011230933555384985
hazard,7,0.0023208008002575673
hazardous,10,0.0026891216764374157
head,4,0.0010976458473556736
headline,2,0.0006742548449575085
headphone,2,0.0004316469842445886
headset,2,0.0004316469842445886
health,3,0.0009627019791851605
hear,4,0.0012558017851017301
heard,4,0.0009086185750367912
hearing,2,0.0006338552477772962
heart,8,0.002456688750358388
heat,8,0.0019506902235695387
heavy,4,0.0012062365730454974
helicopter,6,0.0014329041285678717
hell,4,0.0010690278853749868
help,8,0.001963225066498356
hey,3,0.0010802355532952169
hi,5,0.0012580217558714618
high,6,0.001601496650285976
hijack,6,0.001543997039487756
hijacker,5,0.0015488908034540837
hijacking,11,0.0023005566138439167
hill,2,0.00045649067989917455
himalaya,2,0.0006517768862688715
hip,2,0.0006352612285724147
hiring,2,0.0007412210370011958
hiroshima,16,0.0040773511617870194
hit,9,0.002080582001495047
hold,2,0.0005464253428247865
holding,2,0.0005770397601239691
holiday,2,0.0005291767434509187
hollywood,2,0.0006265861141136663
home,17,0.003814734647956299
honestly,2,0.0007072907699104828
hope,6,0.0014667949382744878
horrible,5,0.0011413252222990885
horror,7,0.0014183993742810383
horse,10,0.0021393663111684874
hospital,2,0.0005569929218627613
hospitalized,2,0.0005590036512967147
hostage,12,0.0034227404271534884
hosting,2,0.0004262517932714709
hot,13,0.002421669321900857
hotel,2,0.0005474934008635846
hour,7,0.001763048068737408
house,16,0.0036412376049339335
huge,4,0.0010398097447369922
human,7,0.0018272811226423252
humanity,2,0.0005344103931568813
humble,2,0.0005777959425154896
hundred,8,0.0017930570956031723
hungry,2,0.000730013363077053
hunk,2,0.0004077481065496047
hurricane,9,0.0031898358240102123
hwo,3,0.0008869798085476964
hwy,2,0.0006141699714095842
hype,2,0.0007356825477482331
ibooklove,2,0.0004077481065496047
ice,3,0.0011421643237029026
idc,2,0.0006876280613703837
idea,4,0.001249105779093387
ignition,3,0.000920813668305046
ii,2,0.0005165030071034798
ill,3,0.0007843555394675106
illegal,3,0.0006358098324390896
illustration,2,0.0008425686863557859
im,9,0.0026828730750025516
ima,2,0.000538112347763176
imagine,3,0.0007023675317843499
indeed,4,0.0012116713709644325
india,4,0.0011483447397288291
info,2,0.0006238554072473491
information,5,0.0012954842916871336
inj,3,0.001210719310690678
injured,8,0.0019834479414492017
injury,12,0.003352415528728588
ink,2,0.0005056072458851697
innocent,2,0.0006324102448615706
insane,2,0.0006297393364033215
inspection,2,0.0006532522952455131
instagram,3,0.0008525116964413036
instead,6,0.0013721070256045658
insurance,2,0.0006345801227987545
intensity,2,0.00043715419022649984
interesting,6,0.0015896078086805644
internal,2,0.0005051925526992439
internally,3,0.0011823857158968672
international,4,0.0009455450928763526
internet,2,0.0006527349293777979
interview,2,0.0006755243786223249
inundated,4,0.0010474546635335221
investigator,4,0.0012145815210509643
investment,2,0.0005202232204186209
iran,9,0.0021720159291764543
irandeal,2,0.00046958197111354353
iranian,3,0.0007457520533152779
iraq,2,0.0005625733554442602
iredell,2,0.0003699026733144969
irony,2,0.0007319478021074652
isi,2,0.0007073793894200083
islamic,2,0.0005179516454204478
island,10,0.0024232414650797555
israel,7,0.0016657851808291508
israeli,2,0.0004315334418698576
issue,5,0.0013516823214326744
issued,3,0.0006765403372563601
italy,3,0.0010272783240489443
item,2,0.0005310707103641424
itunes,3,0.0008934171448002508
jacket,3,0.000797362981725565
japan,10,0.0024493803964631272
japanese,3,0.0007909844780566617
jazz,2,0.0006271971914210447
jesus,2,0.0005135412722871105
jewish,2,0.00048773283289225045
job,6,0.0015725265552165263
joe,2,0.0004852039031754114
john,4,0.0010549188607361314
join,2,0.0009443646398566814
joint,2,0.0004092008272015657
jonathan,2,0.0006054403457272462
jst,2,0.00043715419022649984
kaduna,2,0.0004889462528373055
karymsky,2,0.0007540610868449438
keep,10,0.002180626795840871
key,2,0.0007327354818738537
kick,3,0.0007776176275178314
kid,8,0.0016007857223749448
kill,6,0.0015939153196018521
killed,18,0.003464352453507021
killing,3,0.0010205081941461055
kindle,2,0.0006118870288273819
king,4,0.0011377999692112654
kingdom,3,0.0007398970674660939
kit,4,0.000950664881657695
kitten,2,0.0006264969249624704
knew,3,0.0010433397104087797
knock,3,0.000920813668305046
know,24,0.0052187162943867025
kombat,2,0.000715463175181203
kraft,2,0.0005227263235611986
la,4,0.001153374018538687
lab,3,0.0006706832531534229
lack,2,0.0006426436653754358
laden,3,0.0006491823726457199
lady,5,0.0013428526160314397
lake,4,0.0012493323683681174
lamp,2,0.00042085133283748855
lancaster,2,0.0004995577854844328
land,6,0.0015324595495106392
landing,5,0.001181371793973568
landscape,2,0.0005842838730204477
landslide,9,0.0024706704753355447
large,5,0.0012799363926499626
last,16,0.0037774002945113253
late,3,0.00071721949527539
later,2,0.0006298916874252155
latest,7,0.0019267582887831985
laughing,2,0.0005153851907294389
lava,6,0.002610806219623608
lead,4,0.0010085370636729245
leader,3,0.0009224974734857404
league,3,0.0007789502427826996
learn,4,0.001044693714970132
least,3,0.000641522465083541
leather,2,0.00040489051641030805
leave,6,0.0012359376844473787
leaving,2,0.0006310001849959771
led,4,0.000806826739605942
left,8,0.0022488823528866667
leg,2,0.0006544573117609162
legionnaire,4,0.0012320122103751854
less,2,0.000791529346876307
let,16,0.003721280699278101
letting,2,0.0005785176727686868
level,3,0.0008066401597246894
liability,2,0.0005832991836891352
liberal,2,0.00064557106015104
license,2,0.0005729454715421787
lie,5,0.0012804049236818645
life,17,0.003856790405071781
lifting,2,0.0005872273504469048
light,9,0.0022518767245451017
lightning,13,0.004296224921090084
like,60,0.011648887934735959
liked,9,0.002642263063002788
likely,2,0.0006446737672419958
lil,3,0.00081695370991505
line,2,0.0005115803862852316
link,2,0.0005164802251018518
listed,2,0.0006338432491538909
listen,5,0.001296235321899594
literally,5,0.0014048325998044066
little,11,0.0026338707983500553
live,13,0.0026997188213031455
living,2,0.0005933436633355347
load,3,0.0010413071068360543
loading,2,0.00045718056261360876
loan,2,0.000619964249317887
located,2,0.0003770305434224719
lol,12,0.0029674914712506466
london,2,0.0009369229449418439
long,5,0.0011565863532290203
longer,3,0.0006310808211603179
loo,2,0.0004135292611841696
look,19,0.00449243439375187
looked,2,0.000605457038753057
looking,3,0.0010970992185815342
loose,2,0.0005823094527061331
lord,3,0.0009999991106039142
lorry,3,0.0007275839031043524
lose,3,0.0007585262306871004
loss,3,0.0007734580124763256
lost,5,0.0012027723740780144
lot,5,0.0011938413929522577
loud,11,0.0025743647298683285
louis,3,0.0007819163468602707
love,16,0.004270790342310257
lovely,3,0.0006892946640153986
loving,2,0.0005781862163517214
low,5,0.0012327485117540858
lowndes,2,0.0005556000916323014
lrt,3,0.0008291510674985162
lunch,2,0.0006054434338843875
mad,5,0.00114869167278303
made,6,0.0014220312198907625
madhya,2,0.0004904685284273948
magnum,2,0.0004422663800549189
main,2,0.00046155183327977796
major,3,0.0006656022361696985
make,27,0.005420431863438337
maker,2,0.0005152025847083659
making,5,0.0011317452892390327
malaysia,8,0.0019341435237144571
malaysian,2,0.00046050739464962345
man,20,0.00478391561202727
many,9,0.001955533120116312
map,3,0.0008678445650941569
march,2,0.0005724664013749911
marians,4,0.0008221238297388452
mark,6,0.0014980022568305972
marker,2,0.0003699026733144969
market,11,0.0028762893974483253
mass,13,0.003497623154785387
massacre,6,0.0016365139785131813
massive,3,0.0007775185613100757
mat,2,0.0004968223479769665
match,2,0.0006091811008311482
matter,2,0.0005284323393947758
max,3,0.000704338754924165
maximum,3,0.0008093412471616402
may,9,0.0021907407546136785
maybe,8,0.0019579251707787324
mayhem,2,0.0006640026385211199
meal,2,0.000629518284408492
mean,2,0.0006778561546853239
med,2,0.0005488081748540142
medical,2,0.0005122083692018279
mediterran,3,0.0007821158586648119
medium,6,0.001406739605091082
meerkat,2,0.0008149922600775622
meeting,2,0.0004718457891471718
meltdown,9,0.0024887493774783144
member,2,0.0004085913741372798
memory,4,0.001031495725169624
men,4,0.0013799733514905503
mention,2,0.0005958688546819232
message,2,0.00044290962947109635
met,2,0.0006199044373791787
metrofmtalk,3,0.0010459414464087985
mets,2,0.0008587131319199675
michael,6,0.002082883486052444
microlight,2,0.00043667077350895654
middle,5,0.0011929226253392592
might,4,0.0009889296335077289
migrant,10,0.0026083116379832087
mile,2,0.0003699026733144969
militant,2,0.0007383811453157796
military,8,0.001912479540966521
million,2,0.0004940706850812885
min,2,0.0005861023656199377
mind,2,0.0005997146588730475
mine,2,0.0005220673095466877
miner,3,0.0008663144726575999
mining,2,0.00046763972206031253
minister,3,0.0007217609931331767
minority,2,0.0005393202470148807
minute,5,0.0012949750764840002
mishap,2,0.0004164830384648633
miss,3,0.0006546255516558612
missing,13,0.002934695180453722
mission,2,0.0005708002569146355
mix,2,0.0005368726350362628
mlb,2,0.00045918830797020687
mode,2,0.0005302650822334637
modified,3,0.0007144122452104147
mom,3,0.0006984900937050091
moment,7,0.0019588247208872493
money,9,0.0020904262737176816
month,5,0.0014675314315783356
moon,2,0.0005486304864863369
mooresville,2,0.0003699026733144969
morgan,3,0.0006330609831947835
morning,4,0.0012252722138263864
mosque,4,0.0009396177511086592
motorcycle,2,0.0006544325218727307
mount,4,0.0009619604813133677
mountain,5,0.0011332765850188896
move,5,0.0012364632688994864
moved,2,0.0006140976315516273
movie,7,0.0018900945758429013
mp,7,0.0014183993742810383
mre,2,0.0003999390203856725
mtvhottest,2,0.00045576986196438037
much,10,0.0026880743598017847
mud,2,0.0005138692795761063
mudslide,7,0.0025388019519602184
multiple,2,0.0005656826340433424
mum,2,0.0005678866614244639
murder,9,0.0024932257134539977
murderer,6,0.0018072870381487527
murderous,2,0.0006353798227186457
music,4,0.0011271532888414448
muslim,5,0.001490074337474508
must,4,0.00117007905744744
myanmar,3,0.0009216364569785765
mystery,2,0.0006177978256072563
na,14,0.0030125635794093115
nagasaki,2,0.00047528133477276537
name,7,0.0019065238742711646
named,2,0.0007901570757372317
nation,2,0.0005868461877186896
national,6,0.0020492839522909113
nats,2,0.0005017727826506156
natural,10,0.002537753635246149
nd,2,0.0007432861893279172
near,17,0.003972191038696492
nearby,5,0.0011247652668722654
nearly,6,0.0014479685397713236
nears,2,0.0006516031810675088
need,13,0.0032417054817016353
neighbour,3,0.0006380780985851979
neither,2,0.0004476614720004108
nepal,3,0.001105812362499661
netflix,2,0.0005675602589286668
never,18,0.004183009540180003
new,38,0.007506124607448113
newlywed,3,0.0006734032490354629
news,32,0.0059735262439675665
next,7,0.0016269633554675841
nh,2,0.0006531152691218104
nigerian,4,0.0013218278768365082
nigga,8,0.0022558286625343985
night,10,0.0026233628010467304
noise,2,0.0006366278312796715
north,3,0.0009244046544996
northern,11,0.0024084771473021627
nothing,5,0.001296752277388999
notification,2,0.000726796888895152
novel,2,0.0006279826965822304
nowplaying,2,0.0006383366506175952
nuclear,18,0.0038035590152485925
number,277,0.04807654692047112
nurse,2,0.000551407105894777
nw,3,0.0008449314938976531
nyt,2,0.00048102816461804873
oak,2,0.0006140961585696652
obama,11,0.003652727435932279
obliterate,7,0.0020077450992579365
obliterated,10,0.0036960791603234257
obliteration,9,0.0027383010202668948
occurred,3,0.0007778589106714931
ocean,2,0.0005323663337149054
odd,2,0.0006064722321784607
offer,2,0.000617311326122255
office,6,0.0015559542575463564
officer,10,0.00261448886538682
official,12,0.0025272137538437517
offroad,3,0.0006025872371122304
oh,6,0.0020466740798194888
oil,10,0.0021084904904144592
ok,2,0.0006588911854788835
okay,5,0.0015664231411282904
old,6,0.0011800127143463254
olive,2,0.0007124045188872539
omg,4,0.001337776046478412
one,32,0.006615751042194143
open,4,0.000971986373623683
opened,2,0.0005771683004868748
opening,3,0.0008762801240613332
operation,2,0.0003997060054652413
opinion,3,0.0007673863455907023
ops,2,0.0005780158053265165
opus,2,0.0004422663800549189
orchard,2,0.0003791210432689973
order,5,0.0012496146890247012
ornament,2,0.0003809894209506635
osha,2,0.0006059685397984304
others,2,0.00048130455097831646
otherwise,2,0.0006536936314216232
outbreak,4,0.0009510936767924688
outlook,3,0.0008869798085476964
outrage,4,0.0010370548659845676
outside,5,0.0012712403380931525
pain,3,0.0007192315791652155
pakistan,3,0.0010359590567531318
pakistani,2,0.0005294308611712409
palestine,2,0.0004388074564018187
pamela,2,0.0004315334418698576
pandemonium,5,0.0013524285532196144
panic,9,0.0024029433584884146
panicking,4,0.0011889088730496395
pantherattack,2,0.0005579429241823943
papi,2,0.0006907696554130467
parent,5,0.0011889257733440418
park,8,0.0015130641480098877
parole,4,0.0010467023992212494
part,9,0.0022687565255914014
party,2,0.0006139557782794526
pas,2,0.0005603192649506543
pasco,2,0.000591563688177981
past,9,0.0021020154140733473
patience,3,0.000818531303155058
pattern,2,0.0004891601939270413
paul,2,0.0005870640559383347
pay,5,0.0013601202486135432
peace,4,0.0011369314309292338
penn,2,0.0006581750124063101
people,31,0.0061989395723253075
perfect,3,0.0007193298441209978
performance,2,0.0007174739296633526
period,2,0.0005950660047937487
person,4,0.001092276679587336
personal,2,0.0006288868138887163
petition,2,0.0005676970634218243
philip,2,0.0005330738866880745
philippine,2,0.0006983258591228153
phoenix,2,0.0005143847818209924
phone,7,0.0022128010336184625
photo,17,0.00457556861235955
photographer,2,0.0004754540697447569
pic,4,0.0009979668716200874
pick,6,0.0017295550062991136
picked,3,0.0007148703338476672
picking,7,0.00169634945011609
picture,3,0.001071667749945906
piece,5,0.001315944942941619
pilot,3,0.0008583185050780421
pink,3,0.0007494858417358819
pit,3,0.0008102671928240969
pizza,3,0.0009524833904863234
pkk,2,0.000439317622941275
place,7,0.0016991990226258948
plague,2,0.0006643923736574223
plan,16,0.0038531801774794937
plane,10,0.0024473627352298378
planet,2,0.000740102927020663
planned,2,0.0005021621933721854
plant,3,0.0009863047126179513
planted,2,0.0005222417922300024
plate,3,0.0008340142342798534
play,5,0.001606266862195803
player,4,0.00096133812363886
playing,8,0.0019686765552734903
playlist,2,0.0005928705369028986
please,15,0.003705990051084011
plunging,6,0.00116478477829437
pm,11,0.0025649393769201856
point,7,0.0015502258894826233
police,22,0.004834343972149718
policy,4,0.0009121917557225241
political,4,0.0009330886733387008
pond,2,0.0005041178116849562
poor,5,0.0011789218004669938
population,4,0.0010778826870407945
porn,2,0.0005380803219348213
port,2,0.0006212265094802979
portland,2,0.0006715834737441554
positive,2,0.0005053587565994383
possible,5,0.0013093182773452324
post,9,0.0020575150083228405
posted,2,0.000490589483637096
power,6,0.0014397895765553544
ppl,2,0.00042032639921822353
pradesh,2,0.0004904685284273948
pray,4,0.0013811275426892009
prebreak,8,0.0015747377393402764
pregnant,2,0.0004382118920623476
premium,2,0.0005107364272418219
prepare,3,0.0009354464118583603
preparedness,2,0.0006712126442275531
pres,2,0.0005702249001101074
preseason,2,0.0005348050621714506
present,2,0.0006139420725006341
president,5,0.001139064493921837
press,2,0.00048102816461804873
pressure,2,0.0006749466278897962
pretty,4,0.0010382466351995731
prevent,3,0.0008133550728351832
preview,2,0.0006364399507076523
prime,3,0.0008779409822558611
pro,2,0.0005077904819852363
probably,2,0.0007321591389961008
problem,7,0.0017980670610229412
proceeds,2,0.0005956133516890499
product,2,0.000512085804390367
program,2,0.0006873504385422524
progress,2,0.0006676072671597643
projected,2,0.0005187946127037633
prompt,2,0.0005227263235611986
property,5,0.001505890986695056
proven,2,0.0006131138182880702
provoke,3,0.0006931894326398869
public,2,0.0006544736642305558
purchase,2,0.0005996464263516501
purpose,2,0.0006559542998739549
purse,2,0.00040489051641030805
pussy,4,0.0010127543840291043
put,9,0.0024613738855851423
putin,2,0.0004431856361713601
putting,2,0.0005972352093878222
quarantined,4,0.0009509816824634311
queen,3,0.001030791133310627
question,5,0.0013446799577538499
quickly,2,0.000419472377693508
quite,2,0.0007258314664447517
quiz,2,0.000698474725696227
quote,2,0.0005774485771831994
racing,2,0.000608676095909201
radio,2,0.000531915344738265
radioactive,2,0.0005648448017933206
rage,2,0.0005393024968279566
raider,2,0.000533200320437352
rail,2,0.0006376854081299843
rain,9,0.002110279170319714
rainfall,2,0.0006270524346245977
raining,2,0.0005507020033060103
rainstorm,3,0.0009833746850108393
rather,3,0.0007285208975846638
ray,2,0.0005379450602894663
razed,4,0.0012070752399905426
rd,4,0.0009731184424689875
rea,3,0.000584291187866176
reach,2,0.00052757323868071
reactor,5,0.001376216197274717
read,10,0.0021583969413569598
reading,2,0.0007163330959531178
real,6,0.0015597993497061238
really,13,0.0029120475554000845
reason,3,0.0009331464686968948
recall,4,0.0011025513521438777
recommend,2,0.0006805073453611567
record,4,0.0013321346907803717
recount,7,0.0014183993742810383
red,10,0.0026291315122791794
reddit,4,0.0011277222816163588
reduce,2,0.000684703751893006
refugee,9,0.002425392740595509
refugio,2,0.0005187946127037633
refuse,3,0.0007272174957293691
region,3,0.0007474236277701723
regional,2,0.00045527273221595237
related,2,0.000507254145715444
relationship,2,0.0005666772695103704
release,3,0.000834954200409722
released,4,0.0008326743424898472
remember,5,0.0010922706049295175
repair,2,0.0005412640525526184
repatriated,2,0.0007087244437167488
replace,4,0.0011981231777932258
report,18,0.004196253762676447
reported,3,0.0006647826873569984
rescue,7,0.0015677989428007947
rescued,11,0.0036154233023760318
rescuer,8,0.002199306812510567
research,2,0.0009624964357862402
resource,3,0.000993749037514585
respect,3,0.0007566851414196732
responder,6,0.001382396925202238
response,2,0.0007012919711805704
rest,2,0.0005127601006730952
result,2,0.0005570406185094761
reunion,5,0.0010592296702086094
reuters,2,0.000540636908017954
revealed,2,0.000756600314507621
richmond,5,0.001204394939583196
ride,2,0.000680933474462227
riding,2,0.0006834505033792035
right,18,0.004288630088199278
riot,3,0.0009183672919552666
rioting,5,0.0014614871638964665
rip,2,0.000803463897299672
rise,4,0.0010785583268569572
risk,3,0.0008328616533835769
river,11,0.002205037939793743
rly,7,0.0014183993742810383
rn,2,0.0006201843929668881
road,4,0.0012950300862594067
robot,2,0.000653714726523458
rock,4,0.0011086649999597273
rocky,2,0.000843913690200691
rohingya,2,0.0006319648353936131
room,9,0.0021680041851675617
root,2,0.0004440424443648064
ross,3,0.0008096084314630218
round,3,0.0008925439271286936
row,2,0.0004947836438365055
rt,13,0.0031930877231008264
rubble,10,0.002351149374975196
ruebs,2,0.0004754540697447569
ruin,7,0.0018403721701221762
rule,5,0.0012954856031688366
run,6,0.0013261034405860476
running,6,0.0013979542328643037
runway,2,0.00043667077350895654
russia,4,0.0008557520193520726
russian,4,0.0009308458335210276
sa,2,0.0006129083625988975
sad,5,0.0014038651820807394
safe,3,0.0008667748144917187
said,9,0.002590104499698301
sailing,2,0.0003809894209506635
saipan,7,0.001541207664934597
sale,2,0.0005831915084470797
salt,7,0.0013999509939146655
sandstorm,4,0.0014423442388005554
sarcasm,2,0.0006290423791252958
sassy,2,0.0004077481065496047
satellite,2,0.0005827586056551244
saturday,2,0.0006082222277987766
saudi,4,0.0011146303999651835
save,6,0.0014884597879975662
saved,2,0.0006333777281896497
saving,2,0.0005339554728770997
saw,12,0.00237668772048941
say,27,0.0050897706129535815
saying,4,0.000946016850377954
scared,4,0.0010446454283792673
scene,5,0.001113904987755638
schedule,2,0.0004292414509777616
school,18,0.0038943437324567972
science,2,0.0005279472206202868
scream,2,0.0004784467833525263
screamed,14,0.004910642595883263
screaming,5,0.001869187781399642
screenshots,2,0.0004422663800549189
sea,2,0.0006538820215900469
search,2,0.0005776144763289829
searching,7,0.001631057879005686
season,3,0.0008870891956381552
seattle,2,0.000665603300921093
second,7,0.001991256146059743
secret,5,0.001533566037072191
security,5,0.0013349128224024905
see,22,0.0053016125039559445
seed,2,0.0003999390203856725
seeing,3,0.0008525015394831577
seek,6,0.0013505101262989185
seem,3,0.000858900084805928
seen,6,0.0017967334142212283
seismic,6,0.0014073301780979494
self,6,0.0016242118910816338
selfies,2,0.00045897932761833045
send,6,0.0012216751611354509
senior,2,0.00043544105274617956
sent,4,0.0008796710302919748
series,2,0.0005354511857014032
serious,4,0.001199918953007523
service,25,0.005300709561038834
set,10,0.003004273216477715
setting,2,0.0007727464010625232
settlement,2,0.0005056637065239336
several,2,0.0005124975332389364
severe,7,0.0015392753845202421
sex,3,0.0009278468067008933
shall,2,0.0009154475274972062
share,5,0.0012984726564803746
sharing,2,0.0005429872937454836
shift,3,0.0007580282642173548
ship,3,0.0005715203132047088
shit,11,0.002932891134075392
shooting,5,0.0012740993204590555
short,3,0.0007847624405265944
shot,12,0.0022145598281213767
shoulder,8,0.001627656423379183
show,10,0.0025662878072300484
shower,2,0.0006274522446441008
shut,2,0.0006281844665311448
sicily,3,0.0009756474912479586
sick,2,0.0007605909792920065
side,8,0.0020678922894791364
sign,8,0.0017721823725509334
silent,3,0.0008683828112460608
silver,4,0.0010884261230145055
similar,2,0.0005365927213196212
since,12,0.0028133096992825173
single,3,0.0007106270047784432
sink,2,0.0004971024910209304
sinkhole,7,0.0023834221669161173
sinking,3,0.001032799424900612
siren,12,0.0032126910808380474
sismo,2,0.00043715419022649984
sister,2,0.00045331092637915997
sit,2,0.0006357000663553012
site,4,0.0009887885689339295
sitting,3,0.000775807800645148
situation,4,0.001151120871048528
sixpenceee,2,0.0003770305434224719
skin,2,0.0006261680018143275
sky,4,0.001240685653024736
skye,2,0.0006723709057045835
sleeping,3,0.0012370838838181104
small,3,0.0010236080684842142
smash,2,0.00043555637255303267
smell,3,0.0008426052447076556
smelling,2,0.0005044995142188405
smile,2,0.0005718049356030273
smoke,9,0.00258035822371551
smoky,2,0.0004077481065496047
sneak,3,0.0008812034554254356
snow,2,0.0006510142619304693
snowstorm,11,0.002767233063609988
social,4,0.001042592262389252
society,3,0.0006895259542527945
sold,2,0.0005211326089771488
solve,2,0.0005790302778089713
somalia,2,0.0008868637709766341
someone,9,0.002360970357917436
something,8,0.0022184974125645076
sometimes,3,0.000761618999252889
son,2,0.0004511981355859915
song,6,0.0016815184355359286
soon,6,0.0018810246855073451
sorry,3,0.0008101943577048961
soudelor,6,0.0014372040939829615
soul,3,0.0008419617609114654
sound,9,0.0018620225530913464
source,2,0.0005395914269081834
south,7,0.0014360890539745713
space,4,0.0009944489785883603
spark,2,0.00045822052349297365
sparked,2,0.0005891891975491933
speak,3,0.000821203714656165
special,2,0.0004857446231331976
specially,4,0.000904893350820908
speed,2,0.0006283440303513732
spending,2,0.0005728533298635485
spent,2,0.0005825767740011273
spill,6,0.0013582214726644262
sponge,2,0.0005966541887584458
spot,4,0.0007467148823128334
spread,2,0.0005859486003023783
spring,4,0.00102317000220139
sr,2,0.0006283982330913134
st,5,0.0011221902090809864
stadium,5,0.0012965195425625328
stage,3,0.000905638390113508
stand,4,0.0012586013336172734
standard,4,0.0012405115132299404
star,4,0.001069567646046206
start,8,0.002238946202559588
startup,2,0.0007508339976466955
state,9,0.0019295640805342181
station,2,0.000538962428110026
stay,10,0.0024937989305075623
stereo,2,0.0004316469842445886
still,27,0.006044643191982101
stock,10,0.0025828534667949456
stop,10,0.0021161821872841945
stopped,2,0.000664116001676641
storm,25,0.005142854739871325
story,7,0.0017718679015961256
straight,2,0.0005801064906782499
stranded,2,0.0004077481065496047
stream,3,0.0009330828824859626
street,5,0.0012840732138837622
stretcher,3,0.0008758271538798559
strict,3,0.0008255389368085819
strike,5,0.0011640252881027608
strong,2,0.0005256381467339834
struck,2,0.0005290916900336514
structural,4,0.0012018783486533674
structure,3,0.0006358098324390896
struggle,4,0.0009007755847225522
stuart,2,0.0008420374232936906
stuck,2,0.0005651188565302475
stuff,2,0.0007713432140934878
subject,2,0.0005467863625958074
subreddits,2,0.0004494767572728537
success,2,0.0007226233629808118
sucking,2,0.0005293846604223157
sue,2,0.000422053102821082
suffering,3,0.0009132547124847898
suicide,13,0.0030164464536002605
summer,15,0.0029882966961878345
summerfate,2,0.0006013161264513736
sun,4,0.0009899922992544672
sunk,7,0.0017555168411499847
super,3,0.0009019992638680666
support,5,0.001387077376929612
supposed,2,0.0005034951806696284
sure,7,0.0018328989528676046
survival,5,0.0013079025041355771
survive,9,0.00241884427897917
survived,3,0.0008305821100151978
survivor,8,0.00195956884066022
suspect,7,0.0017497448509037146
suspected,4,0.00083708863428786
sw,2,0.0005760292143701633
swallowed,2,0.0006105630702037549
swear,3,0.0006103570849699909
syria,2,0.0004490849062740875
syrian,3,0.0007189336890332165
ta,2,0.0007228027388033057
tablet,3,0.0009640984560788143
take,19,0.003693774929126372
taking,2,0.00048253457486027
tale,2,0.0008012078776470819
talk,6,0.0016034914592534145
tank,3,0.0006744876508084261
tape,2,0.000512465146219205
tb,3,0.0008327856684501411
tcot,3,0.0008107588039145532
teacher,2,0.0004841342705616339
tear,5,0.0014412849772528105
teen,3,0.0008058908877664436
tell,11,0.002560870850517402
temple,3,0.00076153703695396
tent,2,0.0006298860123305316
terri,2,0.0004295348075131286
terrifying,2,0.0006953173660522187
terror,4,0.0010126909715486077
terrorism,5,0.0017207908768138945
terrorist,10,0.0031912002360177855
test,2,0.0008141975001584966
tested,3,0.0008088259765459328
testing,2,0.0004710382775426682
texas,3,0.0009293330321838565
thank,4,0.0009646915113301607
thanks,5,0.0014354879794391058
thanku,2,0.00046659614555166426
thats,2,0.0006274743742340533
theater,5,0.0013850721450819141
there,2,0.000537952555966923
thing,18,0.0044979649291865004
think,18,0.004050881897820921
thinking,3,0.000800984336176201
tho,3,0.0006524903812038409
thomas,2,0.0006130644475541773
though,4,0.0010198447491430878
thought,4,0.0011021287559267845
thousand,12,0.0027516256378928264
threat,5,0.0014401789373574628
three,4,0.0012402958651301368
throughout,2,0.0005559325965461786
throw,2,0.0006421154032416195
thunder,7,0.0021970841512439147
thunderstorm,8,0.0018351706304390522
thursday,3,0.0006522347954882211
ticket,2,0.0005662029755725852
till,3,0.0009670581886073368
time,31,0.006123683306768522
tired,2,0.0005661874287936503
tix,2,0.0004973688009803458
today,20,0.004263733360005772
toddler,2,0.0005515285704379732
told,3,0.0009488458873873249
toll,3,0.0008099653704325368
tom,2,0.0006312559263832629
tomorrow,6,0.0017286633742407873
tonight,7,0.001664245910845775
tonto,5,0.0009431818899552772
took,7,0.001687161040083643
top,6,0.0012810538549875557
tornado,10,0.0026697577447313578
total,4,0.0009080817660307197
totally,6,0.0015306910686713252
tote,3,0.000672866550734235
town,4,0.0011015880582443045
township,2,0.0006415892821852434
track,3,0.0008094014903544838
traffic,5,0.0014030166641953027
tragedy,12,0.0024612786388726916
tragic,2,0.0005984533069343264
train,19,0.00373958477145599
training,3,0.0008372736706247922
transport,2,0.0004164830384648633
trap,3,0.0006810124930854005
trapped,10,0.0028237162046765222
trauma,7,0.0018796407081283864
traumatised,7,0.002158265249786974
travel,3,0.0009475907461026234
treatment,3,0.0007353428798492274
tree,2,0.0005391990857849351
trench,2,0.000439317622941275
trend,3,0.000856152056177226
trent,2,0.0006985925751215698
trfc,3,0.001210719310690678
tried,2,0.0007616572118264258
triggered,2,0.0005262232639203761
triple,2,0.0006382473468823018
tropical,3,0.0006906190260905907
trouble,9,0.0027527590550369707
truck,8,0.0018174729814559717
true,6,0.0014309309856035176
trust,2,0.00051995563822276
try,4,0.001350162880709137
trying,7,0.0016633890919003518
tsunami,8,0.0019830545643299037
tumblr,2,0.0005653277483926936
tune,2,0.0006210478541485577
turbine,2,0.0004316469842445886
turkey,3,0.0007122621387191689
turn,2,0.0009398357912386128
tv,5,0.0013654778273629593
tweet,2,0.0008690433224592619
twelve,2,0.0005294308611712409
twice,2,0.0006774530373277393
twin,2,0.0006713984347351272
twister,7,0.0020227959695747486
twitter,6,0.0017131616115446545
two,14,0.0032548553992161307
typhoon,5,0.001519900990170172
udhampur,3,0.0006637107516049483
ugly,3,0.0006992083033642808
uk,4,0.000985993613793502
ukraine,3,0.001261723414924271
unconfirmed,3,0.0006380780985851979
understand,7,0.0016309912159177993
uniform,2,0.0006200044974401296
unique,2,0.0005677638512667424
unit,4,0.001149092130628292
united,4,0.0011016683035566575
unless,2,0.0005592261437320153
update,11,0.0024976922992869612
upheaval,5,0.0012927582003472262
ur,4,0.0012814693989473339
urgent,3,0.0008625043415731264
uribe,2,0.0009043596439062238
url,780,0.06916276076461825
us,2,0.0006968551513955542
usa,4,0.000885990810319721
use,4,0.0012228822910097005
used,6,0.001358970036967468
user,408,0.06064173955835841
using,2,0.0005753919087560804
utterly,2,0.0008886862458449177
van,2,0.0005545351574125298
variety,2,0.0003999390203856725
vegetable,2,0.0003999390203856725
vehicle,5,0.0010231653817832594
version,3,0.0008322615769450041
vest,2,0.00041420126059415346
via,43,0.007847944334247082
victim,11,0.002758917538275617
victory,2,0.0005319239795091391
vid,2,0.0007683853346459712
video,39,0.008242436953330167
view,4,0.0011337518593949446
village,2,0.0007378862242122207
violent,8,0.0019323515939896248
virgin,2,0.000561932875542401
visit,2,0.0006913819191219049
voice,2,0.0006582213852172076
volcano,6,0.0016392357151590329
volcanoåêinåêrussia,2,0.0003770305434224719
vote,3,0.0008120257449459563
wait,3,0.0007733040972564848
waiting,3,0.0008298763045164015
wake,3,0.0007037999557685732
walk,5,0.0011556634641237923
walked,2,0.0005724153843788777
walking,2,0.0007633736137828728
wall,3,0.0007399958989212413
wan,8,0.0017602151920976846
want,16,0.004029857560672712
wanted,3,0.0007488060781842019
war,16,0.0032822511847718583
warning,6,0.0013334640394616281
warns,2,0.0004988511297544508
warship,5,0.001407882135611329
washed,2,0.000593548033469154
washington,5,0.0013482784778790441
waste,4,0.00115879802642245
watch,10,0.002727084644067056
watching,6,0.0015139337504031431
water,20,0.0038874892467906734
wave,15,0.0030495302859381685
waving,2,0.0004315334418698576
way,15,0.003729078771355064
weallheartonedirection,3,0.0007745445133130283
weapon,18,0.004000572981053029
wear,4,0.0011134717433407047
weather,10,0.0023642615382738585
wedding,4,0.0009514144994859195
wednesday,3,0.000823512961373875
wee,2,0.000611328999586332
week,8,0.0024687643218756277
weekend,3,0.0009077543789082674
welcome,3,0.0008222862444944665
welfare,2,0.0005398903781760906
well,8,0.0023481705232705798
went,2,0.0004142754973729155
west,6,0.0016058207283804954
western,3,0.0007110848512298729
westeros,2,0.0005661523409236833
whale,2,0.0007007726565732653
whirlwind,7,0.0021545218490787257
white,14,0.0031063307423529773
whole,6,0.0015503291810709597
wholesale,2,0.0007691057255838632
wicked,3,0.0009248186280130756
wife,3,0.0010619202077617887
wild,18,0.00393008679323514
wildfire,16,0.0038859051914660976
win,6,0.0016513737841691932
wind,10,0.0022728559363597075
window,2,0.0005324318610058127
windstorm,6,0.0014585961486305115
wing,3,0.0007928729756074815
winter,2,0.0005608221962805273
wireless,2,0.0004316469842445886
wish,3,0.0011277527429070077
within,4,0.0011379456635204842
without,6,0.0015170883134721124
wo,4,0.0011629603714076932
wolf,2,0.00054151790304495
woman,14,0.003401433851223904
womens,3,0.0007163641082594463
wonder,3,0.0007751300914865381
wondering,2,0.00048341035953165573
wont,4,0.0008758952264271222
word,7,0.0018546412343042886
work,15,0.003306766986794048
worked,2,0.00044846182944281146
worker,2,0.0004151810487759707
working,2,0.0005510508713235367
world,18,0.004170232233468234
worst,4,0.001283252958284372
worstsummerjob,2,0.00044846182944281146
worth,3,0.0008927162795057651
would,25,0.005604110190593539
wound,5,0.0012394368843155772
wounded,12,0.0026593420478346836
wow,4,0.0011607895940431794
wreck,9,0.002302081457288674
wreckage,10,0.002751654734877007
wrecked,10,0.003495186178093492
write,2,0.0005441441765219404
writing,5,0.001573159618072889
wrong,2,0.0005203127923998904
wrought,3,0.0007074750981796326
wtf,4,0.001057885470186707
wwii,2,0.0005997227154629248
wx,2,0.0005928647725888014
xd,2,0.00048324541636559455
yeah,3,0.0011476085723415453
year,23,0.0047513057446040285
yemen,3,0.0009061345770242936
yes,8,0.002495261649881352
yesterday,4,0.0009368694171476894
yet,2,0.0005567730566310434
york,2,0.0005302797210721914
yr,4,0.0010805289872146669
yyc,3,0.000701984350251134
zombie,3,0.0007301451556478684
zone,7,0.0016111282840248562
åè,2,0.000578705050940584
ûª,8,0.0020976971140662624
ûªm,3,0.0007745445133130283
ûªs,15,0.0034769690789885465
ûªt,7,0.0017756531703181902
ûï,4,0.0008426815432786431
ûïwhen,6,0.00116478477829437
ûò,10,0.002316345654071452
ûó,7,0.0014996538399130632
